{
  "baseline": 1.443520189570232,
  "no_cross_attn": 1.4342098502916725,
  "no_bypass": 2.1226563741782716,
  "no_global_ctx": 4.331547745686995,
  "no_cross_no_bypass": 2.1166257578102776
}