{
  "Sutra-Dyad-188M": 1.5792580367892275,
  "EleutherAI/pythia-160m": 0.7052990162309055,
  "openai-community/gpt2": 0.7014000603671708,
  "facebook/opt-125m": 0.7174411783961575
}