{
  "probe": "cka_compatibility",
  "n_windows": 20,
  "n_spans": 16,
  "seq_len": 512,
  "teachers": {
    "q06": {
      "name": "Qwen/Qwen3-0.6B-Base",
      "cka_per_span": [
        0.8423303365707397,
        0.8568232655525208,
        0.7637618780136108,
        0.7693175673484802,
        0.7371002435684204,
        0.7123305797576904,
        0.6054188013076782,
        0.5906959176063538,
        0.6875818967819214,
        0.6713227033615112,
        0.701492965221405,
        0.7452603578567505,
        0.7909085750579834,
        0.7645922899246216,
        0.769623339176178,
        0.7723598480224609
      ],
      "mean_cka": 0.7363075353205204
    },
    "lfm": {
      "name": "LiquidAI/LFM2.5-1.2B-Base",
      "cka_per_span": [
        0.8409112095832825,
        0.9158142805099487,
        0.872543454170227,
        0.8985434770584106,
        0.8736979365348816,
        0.8797016739845276,
        0.7820963263511658,
        0.6755051612854004,
        0.8503555059432983,
        0.8179245591163635,
        0.8833848237991333,
        0.9079259037971497,
        0.9098469018936157,
        0.898990273475647,
        0.9188811779022217,
        0.9189444184303284
      ],
      "mean_cka": 0.8653166927397251
    },
    "q17": {
      "name": "Qwen/Qwen3-1.7B-Base",
      "cka_per_span": [
        0.849381148815155,
        0.8192731738090515,
        0.6561582088470459,
        0.7127977609634399,
        0.6129981875419617,
        0.6705341339111328,
        0.5048688054084778,
        0.5336246490478516,
        0.5937007069587708,
        0.6636584401130676,
        0.6383523941040039,
        0.6829246282577515,
        0.7718424797058105,
        0.6985827684402466,
        0.6999996900558472,
        0.6713454127311707
      ],
      "mean_cka": 0.6737526617944241
    }
  }
}