{
  "probe": "committee_map_audit",
  "student_checkpoint": "results/checkpoints_kd_197m_60k_gate/control_197m_60k_step60000.pt",
  "student_step": 60000,
  "n_windows": 50,
  "n_spans": 16,
  "seq_len": 512,
  "route_shares": {
    "q06": 0.875,
    "lfm": 0.05125,
    "q17": 0.07375,
    "emb": 0.0
  },
  "route_winner_counts": {
    "q06": 700,
    "lfm": 41,
    "q17": 59,
    "emb": 0
  },
  "disagreement_fraction": 0.14125,
  "student_mean_entropy": 2.525037912130356,
  "student_difficulty_by_span": [
    3.435352637767792,
    2.794424465894699,
    2.795463669300079,
    2.5784099930524826,
    2.5257005095481873,
    2.615212228894234,
    2.497949026823044,
    2.521106392145157,
    2.444228918552399,
    2.455121978521347,
    2.314587853550911,
    2.2863501745462416,
    2.404946793317795,
    2.217300952076912,
    2.2267552408576012,
    2.287695962190628
  ],
  "teachers": {
    "q06": {
      "name": "Qwen/Qwen3-0.6B-Base",
      "is_generative": true,
      "n_shared_vocab": 14822,
      "mean_compatibility": 0.006266523152589798,
      "mean_confidence": 0.3315318140666932,
      "mean_gap": 2.7967891880869864,
      "mean_novelty": NaN,
      "compat_by_span": [
        0.008446622639894485,
        0.010120046325027943,
        0.00842296052724123,
        0.009153733029961586,
        0.0014237198047339916,
        0.008558808825910091,
        0.0026435060426592827,
        0.0019682536367326975,
        0.003709857352077961,
        0.005816605873405933,
        0.00811164453625679,
        0.007875734940171242,
        0.004909460432827473,
        0.007005296181887388,
        0.007164043840020895,
        0.0049340794794261456
      ],
      "conf_by_span": [
        0.2539730333536863,
        0.3163360418379307,
        0.3405020880699158,
        0.34825227871537207,
        0.3591431640088558,
        0.3043735261261463,
        0.31749838575720785,
        0.35478818774223325,
        0.3403153625130653,
        0.33624551877379416,
        0.3357232381403446,
        0.3320978706330061,
        0.3374256132543087,
        0.3367228363454342,
        0.3461147247254848,
        0.3449971550703049
      ],
      "gap_by_span": [
        1.8101456713676454,
        2.3129241609573366,
        2.5454690861701965,
        2.8605826687812805,
        2.7972609210014343,
        2.7127521991729737,
        2.76976078748703,
        2.758911836147308,
        2.8114426374435424,
        2.9629125595092773,
        3.028276720046997,
        2.933803677558899,
        2.9720050859451295,
        3.0538407611846923,
        3.207451286315918,
        3.211086950302124
      ],
      "novelty_by_span": [
        NaN,
        NaN,
        NaN,
        NaN,
        NaN,
        NaN,
        NaN,
        NaN,
        NaN,
        NaN,
        NaN,
        NaN,
        NaN,
        NaN,
        NaN,
        NaN
      ],
      "route_share": 0.875
    },
    "lfm": {
      "name": "LiquidAI/LFM2.5-1.2B-Base",
      "is_generative": true,
      "n_shared_vocab": 15036,
      "mean_compatibility": -0.03480052575469017,
      "mean_confidence": 0.32095463120378553,
      "mean_gap": 2.0779494565725325,
      "mean_novelty": NaN,
      "compat_by_span": [
        -0.04685736820101738,
        -0.045893892645835876,
        -0.031406402587890625,
        -0.03231127932667732,
        -0.022372955456376076,
        -0.03285151347517967,
        -0.028546437621116638,
        -0.035000983625650406,
        -0.04216085001826286,
        -0.03234739601612091,
        -0.031364500522613525,
        -0.03687701374292374,
        -0.033131226897239685,
        -0.03564062342047691,
        -0.032732609659433365,
        -0.037313297390937805
      ],
      "conf_by_span": [
        0.2592343021929264,
        0.3282619935274124,
        0.3098290544748306,
        0.3131979075074196,
        0.31552589520812035,
        0.3189551576972008,
        0.33229882806539535,
        0.3372616843879223,
        0.3279478767514229,
        0.3201995301246643,
        0.3129716223478317,
        0.31857249706983565,
        0.3296119925379753,
        0.3405341026186943,
        0.32356836676597595,
        0.3473032879829407
      ],
      "gap_by_span": [
        1.2422989451885222,
        1.6240614140033722,
        1.8490682291984557,
        2.1261676692962648,
        2.0368886852264403,
        2.0691371512413026,
        1.9594745421409607,
        2.0638960933685304,
        2.108322095870972,
        2.1680610728263856,
        2.2261385989189146,
        2.1767485690116883,
        2.348843493461609,
        2.34049791097641,
        2.461166009902954,
        2.4464208245277406
      ],
      "novelty_by_span": [
        NaN,
        NaN,
        NaN,
        NaN,
        NaN,
        NaN,
        NaN,
        NaN,
        NaN,
        NaN,
        NaN,
        NaN,
        NaN,
        NaN,
        NaN,
        NaN
      ],
      "route_share": 0.05125
    },
    "q17": {
      "name": "Qwen/Qwen3-1.7B-Base",
      "is_generative": true,
      "n_shared_vocab": 14822,
      "mean_compatibility": -1.6512385627720505e-05,
      "mean_confidence": 0.37277958187740295,
      "mean_gap": 3.1536294732242824,
      "mean_novelty": NaN,
      "compat_by_span": [
        0.006179645657539368,
        -1.3859569662599824e-05,
        0.004151662811636925,
        0.003961597569286823,
        -5.3575877245748416e-05,
        -0.0032864639069885015,
        0.0022826569620519876,
        -0.00016296867397613823,
        0.004706171806901693,
        0.0009957329602912068,
        -0.0008185980259440839,
        -0.008996526710689068,
        -0.0011557232355698943,
        -0.0016295751556754112,
        -0.004749989602714777,
        -0.0016743856249377131
      ],
      "conf_by_span": [
        0.28511640869081023,
        0.3639219541847706,
        0.36207053005695344,
        0.3869575384259224,
        0.414866194576025,
        0.3483911643922329,
        0.36101760908961295,
        0.403616491407156,
        0.380125283151865,
        0.3869813787937164,
        0.3751778717339039,
        0.37031414948403835,
        0.38138143993914125,
        0.37148774236440657,
        0.3818317811191082,
        0.39121577262878415
      ],
      "gap_by_span": [
        1.952227989435196,
        2.547746469974518,
        2.8436442589759827,
        3.2176573848724366,
        3.2343172955513,
        3.092273554801941,
        3.2003122115135194,
        3.1243935441970825,
        3.2174943804740908,
        3.31929044008255,
        3.363031623363495,
        3.2943761587142943,
        3.3983062386512755,
        3.4395564866065977,
        3.546703584194183,
        3.6667399501800535
      ],
      "novelty_by_span": [
        NaN,
        NaN,
        NaN,
        NaN,
        NaN,
        NaN,
        NaN,
        NaN,
        NaN,
        NaN,
        NaN,
        NaN,
        NaN,
        NaN,
        NaN,
        NaN
      ],
      "route_share": 0.07375
    },
    "emb": {
      "name": "google/embeddinggemma-300m",
      "is_generative": false,
      "n_shared_vocab": 0,
      "mean_compatibility": NaN,
      "mean_confidence": 0.0,
      "mean_gap": 0.0,
      "mean_novelty": NaN,
      "compat_by_span": [
        NaN,
        NaN,
        NaN,
        NaN,
        NaN,
        NaN,
        NaN,
        NaN,
        NaN,
        NaN,
        NaN,
        NaN,
        NaN,
        NaN,
        NaN,
        NaN
      ],
      "conf_by_span": [
        0.0,
        0.0,
        0.0,
        0.0,
        0.0,
        0.0,
        0.0,
        0.0,
        0.0,
        0.0,
        0.0,
        0.0,
        0.0,
        0.0,
        0.0,
        0.0
      ],
      "gap_by_span": [
        0.0,
        0.0,
        0.0,
        0.0,
        0.0,
        0.0,
        0.0,
        0.0,
        0.0,
        0.0,
        0.0,
        0.0,
        0.0,
        0.0,
        0.0,
        0.0
      ],