{
  "checkpoints_kd_197m_60k_gate/control_197m_60k_step60000": {
    "bpt": 3.5726,
    "n_tokens": 49664,
    "entropy_mean": 2.596395969390869,
    "entropy_std": 2.0581820011138916,
    "entropy_p10": 0.04058006182312966,
    "entropy_p25": 0.48960135132074356,
    "entropy_p50": 2.528425455093384,
    "entropy_p75": 4.334558606147766,
    "entropy_p90": 5.459519720077515,
    "ece": 0.0041,
    "ece_overconfident": 0.0017,
    "ece_underconfident": 0.0024,
    "reliability_bin_accs": [
      0.0468,
      0.1037,
      0.1673,
      0.2321,
      0.2954,
      0.3777,
      0.432,
      0.5025,
      0.5458,
      0.6451,
      0.6969,
      0.7887,
      0.8351,
      0.8943,
      0.9841
    ],
    "reliability_bin_confs": [
      0.0481,
      0.1004,
      0.1662,
      0.2323,
      0.2991,
      0.3651,
      0.4322,
      0.5,
      0.5658,
      0.6326,
      0.6996,
      0.7671,
      0.8348,
      0.9029,
      0.9847
    ],
    "reliability_bin_counts": [
      2202,
      4938,
      4883,
      4256,
      3351,
      2785,
      2366,
      2032,
      1781,
      1623,
      1587,
      1595,
      1795,
      2544,
      11926
    ],
    "token_type_bpt": {
      "common": 2.1783,
      "rare": 5.8402,
      "high_entropy": 7.9593,
      "low_entropy": 0.826
    },
    "token_type_counts": {
      "common": 27776,
      "rare": 12874,
      "high_entropy": 7800,
      "low_entropy": 21813
    },
    "step": 60000,
    "checkpoint": "results/checkpoints_kd_197m_60k_gate/control_197m_60k_step60000.pt"
  },
  "checkpoints_ce_soft6k_control/ce_soft6k_step6000": {
    "bpt": 3.5547,
    "n_tokens": 49664,
    "entropy_mean": 2.572036027908325,
    "entropy_std": 2.0568621158599854,
    "entropy_p10": 0.0362529419362545,
    "entropy_p25": 0.46996796876192093,
    "entropy_p50": 2.48215389251709,
    "entropy_p75": 4.299890398979187,
    "entropy_p90": 5.457267379760743,
    "ece": 0.0061,
    "ece_overconfident": 0.0041,
    "ece_underconfident": 0.002,
    "reliability_bin_accs": [
      0.0425,
      0.1089,
      0.1565,
      0.2291,
      0.2906,
      0.3754,
      0.4269,
      0.4873,
      0.5585,
      0.6488,
      0.6852,
      0.76,
      0.8347,
      0.9052,
      0.9837
    ],
    "reliability_bin_confs": [
      0.0475,
      0.1003,
      0.1663,
      0.2322,
      0.2987,
      0.3658,
      0.4324,
      0.4994,
      0.5661,
      0.6335,
      0.6998,
      0.766,
      0.835,
      0.903,
      0.9851
    ],
    "reliability_bin_counts": [
      2139,
      4911,
      4925,
      3968,
      3424,
      2749,
      2366,
      2128,
      1744,
      1640,
      1623,
      1617,
      1851,
      2479,
      12100
    ],
    "token_type_bpt": {
      "common": 2.1652,
      "rare": 5.8151,
      "high_entropy": 7.97,
      "low_entropy": 0.8131
    },
    "token_type_counts": {
      "common": 27776,
      "rare": 12874,
      "high_entropy": 7708,
      "low_entropy": 22031
    },
    "step": 66000,
    "checkpoint": "results/checkpoints_ce_soft6k_control/ce_soft6k_step6000.pt"
  },
  "checkpoints_q06_taid_6k/q06_taid_6k_step6000": {
    "bpt": 3.5742,
    "n_tokens": 49664,
    "entropy_mean": 2.6168932914733887,
    "entropy_std": 2.030217409133911,
    "entropy_p10": 0.12182011753320694,
    "entropy_p25": 0.5571042597293854,
    "entropy_p50": 2.517884135246277,
    "entropy_p75": 4.323017835617065,
    "entropy_p90": 5.467072153091431,
    "ece": 0.0061,
    "ece_overconfident": 0.003,
    "ece_underconfident": 0.0031,
    "reliability_bin_accs": [
      0.0481,
      0.1039,
      0.1667,
      0.2273,
      0.2895,
      0.3706,
      0.4161,
      0.5031,
      0.5609,
      0.6405,
      0.7158,
      0.7406,
      0.8361,
      0.9048,
      0.9857
    ],
    "reliability_bin_confs": [
      0.0477,
      0.1008,
      0.166,
      0.2325,
      0.2985,
      0.3658,
      0.4334,
      0.4993,
      0.5657,
      0.6328,
      0.7001,
      0.7675,
      0.8348,
      0.9038,
      0.9793
    ],
    "reliability_bin_counts": [
      2183,
      4860,
      4752,
      4136,
      3389,
      2817,
      2401,
      2075,
      1872,
      1630,
      1566,
      1704,
      1977,
      2858,
      11444
    ],
    "token_type_bpt": {
      "common": 2.1924,
      "rare": 5.8165,
      "high_entropy": 7.9358,
      "low_entropy": 0.8318
    },
    "token_type_counts": {
      "common": 27776,
      "rare": 12874,
      "high_entropy": 7798,
      "low_entropy": 21760
    },
    "step": 66000,
    "checkpoint": "results/checkpoints_q06_taid_6k/q06_taid_6k_step6000.pt"
  },
  "checkpoints_q17_akl_hard10_3k/q17_rkl_hard10_step3000": {
    "bpt": 3.5934,
    "n_tokens": 49664,
    "entropy_mean": 2.5769035816192627,
    "entropy_std": 2.042649269104004,
    "entropy_p10": 0.04344529174268246,
    "entropy_p25": 0.4858742505311966,
    "entropy_p50": 2.4994657039642334,
    "entropy_p75": 4.301806926727295,
    "entropy_p90": 5.432851266860962,
    "ece": 0.0056,
    "ece_overconfident": 0.0047,
    "ece_underconfident": 0.0009,
    "reliability_bin_accs": [
      0.047,
      0.1036,
      0.1546,
      0.2369,
      0.3006,
      0.3543,
      0.4254,
      0.4829,
      0.5608,
      0.6117,
      0.6884,
      0.7532,
      0.8361,
      0.9016,
      0.984
    ],
    "reliability_bin_confs": [
      0.0478,
      0.1002,
      0.1659,
      0.2325,
      0.2993,
      0.3659,
      0.4333,
      0.4988,
      0.5661,
      0.6328,
      0.6997,
      0.7664,
      0.834,
      0.9029,
      0.9845
    ],
    "reliability_bin_counts": [
      2105,
      4921,
      4762,
      4179,
      3447,
      2814,
      2325,
      2170,
      1808,
      1674,
      1595,
      1641,
      1782,
      2520,
      11921
    ],
    "token_type_bpt": {
      "common": 2.1857,
      "rare": 5.8853,
      "high_entropy": 8.0017,
      "low_entropy": 0.8497
    },
    "token_type_counts": {
      "common": 27776,
      "rare": 12874,
      "high_entropy": 7539,
      "low_entropy": 21936
    },
    "step": 63000,
    "checkpoint": "results/checkpoints_q17_akl_hard10_3k/q17_rkl_hard10_step3000.pt"
  }
}