{
  "pilot": "miniplm_difference_scoring",
  "teacher": "Qwen/Qwen3-1.7B-Base",
  "reference": "Qwen/Qwen3-0.6B-Base",
  "n_windows": 500,
  "seq_len": 512,
  "sample_pct": 0.1,
  "stats": {
    "ref_nll_mean": 2.6697077556848527,
    "ref_nll_std": 0.6672000451578983,
    "teacher_nll_mean": 2.401649843662977,
    "teacher_nll_std": 0.6477828653665052,
    "diff_mean": 0.2680579120218754,
    "diff_std": 0.10453508911483707,
    "diff_min": 0.002769947052001953,
    "diff_max": 1.3285695314407349,
    "diff_median": 0.2629694938659668,
    "threshold_top50": 0.2629694938659668,
    "n_selected": 250
  },
  "histogram": {
    "counts": [
      5,
      33,
      72,
      153,
      134,
      68,
      25,
      4,
      3,
      1,
      0,
      1,
      0,
      0,
      0,
      0,
      0,
      0,
      0,
      1
    ],
    "edges": [
      0.002769947052001953,
      0.0690599262714386,
      0.13534990549087525,
      0.2016398847103119,
      0.26792986392974855,
      0.3342198431491852,
      0.40050982236862187,
      0.4667998015880585,
      0.5330897808074951,
      0.5993797600269318,
      0.6656697392463684,
      0.7319597184658051,
      0.7982496976852418,
      0.8645396769046784,
      0.9308296561241151,
      0.9971196353435516,
      1.0634096145629883,
      1.129699593782425,
      1.1959895730018617,
      1.2622795522212982,
      1.3285695314407349
    ]
  },
  "source_summary": {
    "wikipedia": {
      "mean": 0.28577392264491036,
      "std": 0.08486295586689697,
      "n": 168
    },
    "openwebmath": {
      "mean": 0.2393069467344484,
      "std": 0.14150058416115557,
      "n": 143
    },
    "gutenberg": {
      "mean": 0.29352117022351615,
      "std": 0.07182458662124738,
      "n": 126
    },
    "wildchat": {
      "mean": 0.23243534281140282,
      "std": 0.11441748249751338,
      "n": 21
    },
    "eli5": {
      "mean": 0.22214869090488978,
      "std": 0.04058031692244864,
      "n": 21
    },
    "fineweb_s0": {
      "mean": 0.25086245082673575,
      "std": 0.06950290362453798,
      "n": 21
    }
  }
}