{
  "pilot": "miniplm_difference_scoring",
  "teacher": "Qwen/Qwen3-1.7B-Base",
  "reference": "Qwen/Qwen3-0.6B-Base",
  "n_windows": 200,
  "seq_len": 512,
  "sample_pct": 0.1,
  "stats": {
    "ref_nll_mean": 2.5453471609950067,
    "ref_nll_std": 0.6625477922071326,
    "teacher_nll_mean": 2.2810375563800336,
    "teacher_nll_std": 0.6234016332875628,
    "diff_mean": 0.26430960461497305,
    "diff_std": 0.11315871349861832,
    "diff_min": 0.03026556968688965,
    "diff_max": 0.9795260429382324,
    "diff_median": 0.25739288330078125,
    "threshold_top50": 0.25739288330078125,
    "n_selected": 100
  },
  "histogram": {
    "counts": [
      4,
      12,
      17,
      35,
      40,
      39,
      29,
      14,
      6,
      1,
      0,
      1,
      0,
      0,
      0,
      0,
      0,
      0,
      0,
      2
    ],
    "edges": [
      0.03026556968688965,
      0.07772859334945678,
      0.12519161701202391,
      0.17265464067459108,
      0.2201176643371582,
      0.26758068799972534,
      0.3150437116622925,
      0.3625067353248596,
      0.40996975898742677,
      0.45743278264999393,
      0.504895806312561,
      0.5523588299751282,
      0.5998218536376954,
      0.6472848773002625,
      0.6947479009628296,
      0.7422109246253967,
      0.7896739482879639,
      0.837136971950531,
      0.8845999956130982,
      0.9320630192756653,
      0.9795260429382324
    ]
  },
  "source_summary": {
    "wikipedia": {
      "mean": 0.2899554027451409,
      "std": 0.08447625956481382,
      "n": 90
    },
    "wildchat": {
      "mean": 0.21318274846783392,
      "std": 0.09981080268016079,
      "n": 27
    },
    "fineweb_s1": {
      "mean": 0.2764309777153863,
      "std": 0.06746761195230705,
      "n": 9
    },
    "minipile": {
      "mean": 0.24271704090966117,
      "std": 0.07201142730730803,
      "n": 9
    },
    "openwebmath": {
      "mean": 0.23000335186085802,
      "std": 0.13212296003134047,
      "n": 47
    },
    "gutenberg": {
      "mean": 0.3705872164832221,
      "std": 0.22128360514542358,
      "n": 9
    },
    "tinystories": {
      "mean": 0.2435806459850735,
      "std": 0.02314785288174152,
      "n": 9
    }
  }
}