{
  "experiment": "miniplm_top20_ce_3k",
  "student_ckpt": "results/checkpoints_kd_197m_60k_gate/control_197m_60k_step60000.pt",
  "teacher": "Qwen/Qwen3-1.7B-Base",
  "n_windows_scored": 48863,
  "n_windows_selected": 9773,
  "top_pct": 0.2,
  "seq_len": 512,
  "sample_pct": 0.75,
  "stats": {
    "student_nll_mean": 2.7131609431525567,
    "student_nll_std": 0.7492269311979043,
    "teacher_nll_mean": 2.3756532238607777,
    "teacher_nll_std": 0.676225213038301,
    "gap_mean": 0.33750771929177936,
    "gap_std": 0.4444475145629223,
    "gap_min": -6.383335612714291,
    "gap_max": 4.007812142372131,
    "gap_median": 0.3742554187774658,
    "threshold": 0.6448338031768799
  },
  "histogram": {
    "counts": [
      1,
      0,
      0,
      0,
      1,
      0,
      4,
      0,
      0,
      8,
      12,
      37,
      76,
      162,
      256,
      360,
      645,
      2891,
      10818,
      18873,
      11751,
      2342,
      428,
      120,
      39,
      22,
      14,
      1,
      1,
      1
    ],
    "edges": [
      -6.383335612714291,
      -6.036964020878076,
      -5.690592429041862,
      -5.344220837205649,
      -4.9978492453694345,
      -4.65147765353322,
      -4.305106061697006,
      -3.9587344698607922,
      -3.612362878024578,
      -3.2659912861883638,
      -2.91961969435215,
      -2.5732481025159357,
      -2.2268765106797215,
      -1.8805049188435072,
      -1.5341333270072939,
      -1.1877617351710796,
      -0.8413901433348654,
      -0.49501855149865115,
      -0.1486469596624369,
      0.19772463217377645,
      0.5440962240099907,
      0.8904678158462049,
      1.2368394076824192,
      1.5832109995186334,
      1.9295825913548477,
      2.275954183191061,
      2.622325775027276,
      2.9686973668634895,
      3.315068958699703,
      3.661440550535918,
      4.007812142372131
    ]
  },
  "curated_dir": "C:\\Users\\devan\\OneDrive\\Desktop\\Projects\\AI Moonshots\\moonshot-sutra\\data\\shards_miniplm_top20",
  "curated_shards": 171,
  "curated_tokens": 5003776
}