{
  "probe": "multisignal_init_audit_64w",
  "n_windows": 64,
  "batch_size": 8,
  "n_batches": 8,
  "shared_params_audited": "layers 12-23 + norm + emb (104,300,569 params)",
  "losses": {
    "ce": {
      "mean": 2.171454206109047,
      "median": 2.6989705562591553,
      "min": 0.8863892555236816,
      "max": 2.8933401107788086,
      "std": 0.8205845844189901
    },
    "q_logit": {
      "mean": 4.049405068159103,
      "median": 3.4510786533355713,
      "min": 2.1308581829071045,
      "max": 5.993819236755371,
      "std": 1.4726349834242334
    },
    "lfm_state": {
      "mean": 0.028656139969825745,
      "median": 0.02127242088317871,
      "min": 0.014505624771118164,
      "max": 0.09414660930633545,
      "std": 0.026682786266478974
    },
    "gemma_sem": {
      "mean": 0.23614264177740552,
      "median": 0.29587942361831665,
      "min": 0.002785600023344159,
      "max": 0.3764910101890564,
      "std": 0.14148323314912875
    }
  },
  "grad_norms": {
    "ce": {
      "mean": 1.630058392882347,
      "median": 1.6306285858154297,
      "min": 1.3723763227462769,
      "max": 1.9783508777618408,
      "std": 0.17499577310738423
    },
    "q_logit": {
      "mean": 10.045708537101746,
      "median": 10.159791469573975,
      "min": 3.4954910278320312,
      "max": 18.292997360229492,
      "std": 5.412284942814066
    },
    "lfm_state": {
      "mean": 0.15933172591030598,
      "median": 0.13364988565444946,
      "min": 0.1081136018037796,
      "max": 0.33022356033325195,
      "std": 0.0724634284450206
    },
    "gemma_sem": {
      "mean": 0.5199074086267501,
      "median": 0.5864385962486267,
      "min": 0.024557599797844887,
      "max": 0.7321860194206238,
      "std": 0.2252662640460297
    }
  },
  "grad_norm_ratios_vs_ce": {
    "q_logit": {
      "mean": 6.347349499597819,
      "median": 6.4496188576763345,
      "min": 2.075866094503245,
      "max": 11.329491441682455,
      "std": 3.6494166781878183
    },
    "lfm_state": {
      "mean": 0.10054211542285964,
      "median": 0.0768404372147998,
      "min": 0.0642053887571516,
      "max": 0.22045820597828966,
      "std": 0.05266802165250954
    },
    "gemma_sem": {
      "mean": 0.3175832589480695,
      "median": 0.3555795128574204,
      "min": 0.015641702026843514,
      "max": 0.4534683451483007,
      "std": 0.13402084199730863
    }
  },
  "grad_cosines": {
    "ce_vs_qlogit": {
      "mean": -0.07733065134380013,
      "median": -0.04967343434691429,
      "min": -0.19569182395935059,
      "max": 0.009288904257118702,
      "std": 0.07058189952558128
    },
    "ce_vs_lstate": {
      "mean": -0.0010025156079791486,
      "median": 0.0054364982061088085,
      "min": -0.03173622861504555,
      "max": 0.022754229605197906,
      "std": 0.01988184075368768
    },
    "ce_vs_gsem": {
      "mean": -0.012660441861953586,
      "median": -0.010131621733307838,
      "min": -0.03248883783817291,
      "max": -0.0021551596000790596,
      "std": 0.009647435068064161
    },
    "qlogit_vs_lstate": {
      "mean": 0.014071410398173612,
      "median": 0.0059482266660779715,
      "min": -0.031103575602173805,
      "max": 0.051780518144369125,
      "std": 0.028509152542849938
    },
    "qlogit_vs_gsem": {
      "mean": 0.0443456235807389,
      "median": 0.029583518393337727,
      "min": -0.02461080439388752,
      "max": 0.14340494573116302,
      "std": 0.06238016782180402
    },
    "lstate_vs_gsem": {
      "mean": -0.13623542292043567,
      "median": -0.10438447818160057,
      "min": -0.3549431562423706,
      "max": 0.06127338111400604,
      "std": 0.13392215667674834
    }
  },
  "conflict_analysis": {
    "threshold_median_cosine": -0.05,
    "threshold_ratio": 0.5,
    "ce_vs_qlogit": {
      "median_cosine": -0.04967343434691429,
      "n_below_neg010": 3,
      "pct_below_neg010": 37.5,
      "CONFLICT": true
    },
    "ce_vs_lstate": {
      "median_cosine": 0.0054364982061088085,
      "n_below_neg010": 0,
      "pct_below_neg010": 0.0,
      "CONFLICT": false
    },
    "ce_vs_gsem": {
      "median_cosine": -0.010131621733307838,
      "n_below_neg010": 0,
      "pct_below_neg010": 0.0,
      "CONFLICT": false
    },
    "qlogit_vs_lstate": {
      "median_cosine": 0.0059482266660779715,
      "n_below_neg010": 0,
      "pct_below_neg010": 0.0,
      "CONFLICT": false
    },
    "qlogit_vs_gsem": {
      "median_cosine": 0.029583518393337727,
      "n_below_neg010": 0,
      "pct_below_neg010": 0.0,
      "CONFLICT": false
    },
    "lstate_vs_gsem": {
      "median_cosine": -0.10438447818160057,
      "n_below_neg010": 4,
      "pct_below_neg010": 50.0,
      "CONFLICT": true
    },
    "q_logit_ratio_mean": 6.347349499597819,
    "q_logit_DOMINATES": true,
    "lfm_state_ratio_mean": 0.10054211542285964,
    "lfm_state_DOMINATES": false,
    "gemma_sem_ratio_mean": 0.3175832589480695,
    "gemma_sem_DOMINATES": false
  }
}