{
  "diagnostic": {
    "summary": {
      "alpha": {
        "n": 487679,
        "mean_ce": 1.0578356368459223,
        "mean_bpb": 1.5261342273532306,
        "std_bpb": 2.0004382048083946,
        "n_frac": 0.7937483723958333
      },
      "digit": {
        "n": 4741,
        "mean_ce": 2.4315346052285967,
        "mean_bpb": 3.5079629167132,
        "std_bpb": 2.76334422410172,
        "n_frac": 0.007716471354166666
      },
      "ws": {
        "n": 101031,
        "mean_ce": 0.2923124742218195,
        "mean_bpb": 0.42171775694980196,
        "std_bpb": 0.8475229452683457,
        "n_frac": 0.1644384765625
      },
      "punct": {
        "n": 15947,
        "mean_ce": 2.0759588365114037,
        "mean_bpb": 2.9949755185246247,
        "std_bpb": 2.6529434071006537,
        "n_frac": 0.025955403645833333
      },
      "other": {
        "n": 5002,
        "mean_ce": 1.240593035855797,
        "mean_bpb": 1.7897974205905425,
        "std_bpb": 2.740743565117612,
        "n_frac": 0.008141276041666666
      }
    },
    "overall_bpb": 1.4000893132220595
  },
  "r2": {
    "summary": {
      "alpha": {
        "n": 487565,
        "mean_ce": 1.0665318354129742,
        "mean_bpb": 1.538680189900502,
        "std_bpb": 2.0290461001529487,
        "n_frac": 0.7935628255208333
      },
      "digit": {
        "n": 5017,
        "mean_ce": 2.4669746995030564,
        "mean_bpb": 3.5590921649716,
        "std_bpb": 2.8186393899529407,
        "n_frac": 0.008165690104166666
      },
      "ws": {
        "n": 101286,
        "mean_ce": 0.29326147580738093,
        "mean_bpb": 0.4230868768310872,
        "std_bpb": 0.8706992542304292,
        "n_frac": 0.164853515625
      },
      "punct": {
        "n": 16326,
        "mean_ce": 2.2325199060875875,
        "mean_bpb": 3.220845397198457,
        "std_bpb": 2.7719723523747604,
        "n_frac": 0.026572265625
      },
      "other": {
        "n": 4206,
        "mean_ce": 1.182440121226526,
        "mean_bpb": 1.705900499041654,
        "std_bpb": 2.9309102376019673,
        "n_frac": 0.006845703125
      }
    },
    "overall_bpb": 1.4171124496107386
  },
  "rbor_v1b": {
    "summary": {
      "alpha": {
        "n": 486265,
        "mean_ce": 1.0592750237097825,
        "mean_bpb": 1.5282108236436425,
        "std_bpb": 2.008027315380328,
        "n_frac": 0.7914469401041667
      },
      "digit": {
        "n": 5458,
        "mean_ce": 2.3927836621444776,
        "mean_bpb": 3.4520571232959707,
        "std_bpb": 2.6284499085064086,
        "n_frac": 0.008883463541666666
      },
      "ws": {
        "n": 100740,
        "mean_ce": 0.30498944009095047,
        "mean_bpb": 0.44000675274271583,
        "std_bpb": 0.8616152922256216,
        "n_frac": 0.16396484375
      },
      "punct": {
        "n": 16039,
        "mean_ce": 2.126272544460821,
        "mean_bpb": 3.0675628554719845,
        "std_bpb": 2.7378570030440224,
        "n_frac": 0.026105143229166666
      },
      "other": {
        "n": 5898,
        "mean_ce": 1.5171233478726875,
        "mean_bpb": 2.188746330392788,
        "std_bpb": 3.0826222577282274,
        "n_frac": 0.009599609375
      }
    },
    "overall_bpb": 1.413399919767088
  }
}