{
  "probe": "E_pass_disagreement",
  "model": "v0.6.0a",
  "checkpoint_step": 12000,
  "config": {
    "batch_size": 2,
    "seq_len": 512,
    "n_batches": 20,
    "total_tokens": 20480,
    "device": "cpu",
    "n_passes": 12
  },
  "correlations": {
    "entropy_spread": {
      "future_gain": 0.3878648579120636,
      "final_ce": -0.5661329030990601,
      "repetition": 0.2244625687599182
    },
    "logit_kl_spread": {
      "future_gain": 0.28387898206710815,
      "final_ce": -0.14664585888385773,
      "repetition": -0.08202757686376572
    },
    "ce_spread": {
      "future_gain": 0.9586582779884338,
      "final_ce": -0.8732513189315796,
      "repetition": 0.18553604185581207
    },
    "state_cosine_spread": {
      "future_gain": -0.003555857576429844,
      "final_ce": 0.17709463834762573,
      "repetition": -0.14133991301059723
    }
  },
  "per_pass_stats": {
    "entropy": [
      9.916400909423828,
      10.06163501739502,
      10.126874923706055,
      10.154667854309082,
      10.168171882629395,
      10.178991317749023,
      10.193349838256836,
      10.21196460723877,
      10.222878456115723,
      10.192014694213867,
      10.049203872680664,
      4.881733417510986
    ],
    "ce_target": [
      13.250338554382324,
      13.163543701171875,
      13.039941787719727,
      12.967844009399414,
      12.902551651000977,
      12.808958053588867,
      12.6558837890625,
      12.393875122070312,
      11.961499214172363,
      11.2775297164917,
      9.936812400817871,
      4.728981971740723
    ],
    "cosine_consecutive": [
      0.9732551574707031,
      0.9898554086685181,
      0.9944378137588501,
      0.9965669512748718,
      0.9972431063652039,
      0.9974996447563171,
      0.9971683621406555,
      0.9936572909355164,
      0.9823137521743774,
      0.9412286877632141,
      0.25800180435180664
    ],
    "kl_consecutive": [
      0.06469599902629852,
      0.027296727523207664,
      0.015711447224020958,
      0.009918451309204102,
      0.008097280748188496,
      0.007489805109798908,
      0.009238671511411667,
      0.0210893414914608,
      0.057624757289886475,
      0.14718468487262726,
      5.101991176605225
    ]
  },
  "feature_stats": {
    "entropy_spread": {
      "mean": 1.5449594259262085,
      "std": 0.6936107873916626,
      "median": 1.430994987487793,
      "min": 0.14829190075397491,
      "max": 4.506300926208496
    },
    "logit_kl_spread": {
      "mean": 0.49730348587036133,
      "std": 0.16254901885986328,
      "median": 0.4897382855415344,
      "min": 0.007386164739727974,
      "max": 1.2964692115783691
    },
    "ce_spread": {
      "mean": 2.556396722793579,
      "std": 1.07501220703125,
      "median": 2.834595203399658,
      "min": 0.05402086302638054,
      "max": 5.168349266052246
    },
    "state_cosine_spread": {
      "mean": 0.2209310531616211,
      "std": 0.0459471121430397,
      "median": 0.22996360063552856,
      "min": 0.011317347176373005,
      "max": 0.35266250371932983
    }
  },
  "difficulty_stats": {
    "future_gain": {
      "mean": 8.521356582641602,
      "std": 4.09047794342041
    },
    "final_ce": {
      "mean": 4.728982448577881,
      "std": 3.7128663063049316
    },
    "repetition": {
      "mean": 0.06992187350988388,
      "std": 0.2550215423107147
    }
  },
  "quartile_analysis": {
    "entropy_spread": {
      "q75_threshold": 2.006347179412842,
      "q25_threshold": 0.983360767364502,
      "future_gain_q4_mean": 10.57041072845459,
      "future_gain_q1_mean": 6.171721458435059,
      "future_gain_q4_vs_q1_ratio": 1.7127167516621677,
      "final_ce_q4_mean": 1.7882159948349,
      "final_ce_q1_mean": 7.219918727874756
    },
    "logit_kl_spread": {
      "q75_threshold": 0.609830915927887,
      "q25_threshold": 0.3845718502998352,
      "future_gain_q4_mean": 10.409403800964355,
      "future_gain_q1_mean": 7.326704502105713,
      "future_gain_q4_vs_q1_ratio": 1.4207484139660154,
      "final_ce_q4_mean": 3.49452543258667,
      "final_ce_q1_mean": 5.037883758544922
    },
    "ce_spread": {
      "q75_threshold": 3.3815367221832275,
      "q25_threshold": 1.7608203887939453,
      "future_gain_q4_mean": 12.60814380645752,
      "future_gain_q1_mean": 2.631648540496826,
      "future_gain_q4_vs_q1_ratio": 4.790967947443788,
      "final_ce_q4_mean": 1.4333019256591797,
      "final_ce_q1_mean": 9.653515815734863
    },
    "state_cosine_spread": {
      "q75_threshold": 0.2517830729484558,
      "q25_threshold": 0.20070341229438782,
      "future_gain_q4_mean": 8.575648307800293,
      "future_gain_q1_mean": 8.656073570251465,
      "future_gain_q4_vs_q1_ratio": 0.9907088055804457,
      "final_ce_q4_mean": 5.300039291381836,
      "final_ce_q1_mean": 3.714054584503174
    }
  },
  "verdict": "STRONG",
  "best_feature": "ce_spread",
  "best_correlation": 0.9586582779884338,
  "elapsed_seconds": 103.47702956199646
}