{
  "test2": {
    "test": "perpass_ce",
    "step": 13600,
    "per_pass_bpt": [
      19.243927345493866,
      19.23184143668713,
      19.18223854449058,
      19.16513039831335,
      19.14074566617812,
      19.06031453984911,
      18.879100204253287,
      18.524976747254456,
      17.950594077399725,
      17.016588633302174,
      14.95037891885999,
      8.055414035969235
    ]
  }
}