{
  "full": {
    "bpt": 5.83525546391805,
    "n_tokens": 15360,
    "recall_top100": 0.74,
    "recall_avg_rank": 1680.1,
    "recall_total": 50
  },
  "no_read": {
    "bpt": 6.02597697575887,
    "n_tokens": 15360,
    "recall_top100": 0.72,
    "recall_avg_rank": 1942.32,
    "recall_total": 50,
    "bpt_delta": 0.1907215118408203,
    "bpt_delta_pct": 3.2684346558627166,
    "recall_delta": -0.020000000000000018
  },
  "no_write": {
    "bpt": 6.020131587982178,
    "n_tokens": 15360,
    "recall_top100": 0.74,
    "recall_avg_rank": 1931.52,
    "recall_total": 50,
    "bpt_delta": 0.1848761240641279,
    "bpt_delta_pct": 3.168261016287946,
    "recall_delta": 0.0
  },
  "removed": {
    "bpt": 6.02597697575887,
    "n_tokens": 15360,
    "recall_top100": 0.72,
    "recall_avg_rank": 1942.32,
    "recall_total": 50,
    "bpt_delta": 0.1907215118408203,
    "bpt_delta_pct": 3.2684346558627166,
    "recall_delta": -0.020000000000000018
  },
  "verdict": "LOAD-BEARING",
  "probe": "D_scratchpad_audit",
  "checkpoint_step": "rolling_latest"
}