{
  "checkpoint": "results/checkpoints_rbor_v1b/best.pt",
  "n_evals": 5,
  "n_batches": 50,
  "per_eval_bpb": [
    1.4127954012824393,
    1.4095601221285097,
    1.4014091987312622,
    1.3907584490296228,
    1.4030969091996681
  ],
  "mean_bpb": 1.4035240160743003,
  "std_bpb": 0.008514806730400457,
  "min_bpb": 1.3907584490296228,
  "max_bpb": 1.4127954012824393,
  "range_bpb": 0.022036952252816544,
  "r3_delta": 0.032,
  "r3_within_noise": false
}