{
  "epsilon": 0.01,
  "n_tokens": 63,
  "optimal_pass_dist": {
    "5": 8,
    "6": 3,
    "2": 5,
    "1": 5,
    "3": 9,
    "0": 5,
    "9": 1,
    "11": 11,
    "4": 11,
    "7": 2,
    "10": 1,
    "8": 2
  },
  "avg_optimal_passes": 4.984126984126984,
  "compute_savings_pct": 58.46560846560847,
  "probe_accuracy": 0.7857142686843872,
  "probe_auroc": 0.8543750180130856,
  "probe_weights": [
    1.9770152568817139,
    -0.058288104832172394,
    0.15881051123142242,
    -0.048693928867578506,
    -1.3377468585968018
  ]
}